participant_code,delete_rate__expected_char_class__<missing>,delete_rate__expected_char_class__arabic_numeral,delete_rate__expected_char_class__english_punctuation,delete_rate__expected_char_class__thai_consonant,delete_rate__expected_char_class__thai_diacritic,delete_rate__expected_char_class__thai_numeral,delete_rate__expected_char_class__thai_tone_mark,delete_rate__expected_char_class__thai_vowel_mark,delete_rate__expected_char_class__whitespace,delete_rate__expected_hand_proxy__<missing>,delete_rate__expected_hand_proxy__left,delete_rate__expected_hand_proxy__right,delete_rate__expected_hand_proxy__thumb,delete_rate__expected_layout__<missing>,delete_rate__expected_layout__COMMON,delete_rate__expected_layout__EN,delete_rate__expected_layout__TH,delete_rate__expected_shift_required__0,delete_rate__expected_shift_required__1,delete_rate__expected_shift_required__<missing>,delete_rate__expected_zone_proxy__<missing>,delete_rate__expected_zone_proxy__center,delete_rate__expected_zone_proxy__left,delete_rate__expected_zone_proxy__right,delete_rate__expected_zone_proxy__space,delete_rate__layout_switch_needed__0,delete_rate__layout_switch_needed__1,delete_rate__layout_switch_needed__<missing>,delete_rate__target_distance_bin__<missing>,delete_rate__target_distance_bin__high,delete_rate__target_distance_bin__low,delete_rate__target_distance_bin__medium,mean_friction__expected_char_class__<missing>,mean_friction__expected_char_class__arabic_numeral,mean_friction__expected_char_class__english_punctuation,mean_friction__expected_char_class__thai_consonant,mean_friction__expected_char_class__thai_diacritic,mean_friction__expected_char_class__thai_numeral,mean_friction__expected_char_class__thai_tone_mark,mean_friction__expected_char_class__thai_vowel_mark,mean_friction__expected_char_class__whitespace,mean_friction__expected_hand_proxy__<missing>,mean_friction__expected_hand_proxy__left,mean_friction__expected_hand_proxy__right,mean_friction__expected_hand_proxy__thumb,mean_friction__expected_layout__<missing>,mean_friction__expected_layout__COMMON,mean_friction__expected_layout__EN,mean_friction__expected_layout__TH,mean_friction__expected_shift_required__0,mean_friction__expected_shift_required__1,mean_friction__expected_shift_required__<missing>,mean_friction__expected_zone_proxy__<missing>,mean_friction__expected_zone_proxy__center,mean_friction__expected_zone_proxy__left,mean_friction__expected_zone_proxy__right,mean_friction__expected_zone_proxy__space,mean_friction__layout_switch_needed__0,mean_friction__layout_switch_needed__1,mean_friction__layout_switch_needed__<missing>,mean_friction__target_distance_bin__<missing>,mean_friction__target_distance_bin__high,mean_friction__target_distance_bin__low,mean_friction__target_distance_bin__medium,mean_time_to_stability_ms__expected_char_class__<missing>,mean_time_to_stability_ms__expected_char_class__arabic_numeral,mean_time_to_stability_ms__expected_char_class__english_punctuation,mean_time_to_stability_ms__expected_char_class__thai_consonant,mean_time_to_stability_ms__expected_char_class__thai_diacritic,mean_time_to_stability_ms__expected_char_class__thai_numeral,mean_time_to_stability_ms__expected_char_class__thai_tone_mark,mean_time_to_stability_ms__expected_char_class__thai_vowel_mark,mean_time_to_stability_ms__expected_char_class__whitespace,mean_time_to_stability_ms__expected_hand_proxy__<missing>,mean_time_to_stability_ms__expected_hand_proxy__left,mean_time_to_stability_ms__expected_hand_proxy__right,mean_time_to_stability_ms__expected_hand_proxy__thumb,mean_time_to_stability_ms__expected_layout__<missing>,mean_time_to_stability_ms__expected_layout__COMMON,mean_time_to_stability_ms__expected_layout__EN,mean_time_to_stability_ms__expected_layout__TH,mean_time_to_stability_ms__expected_shift_required__0,mean_time_to_stability_ms__expected_shift_required__1,mean_time_to_stability_ms__expected_shift_required__<missing>,mean_time_to_stability_ms__expected_zone_proxy__<missing>,mean_time_to_stability_ms__expected_zone_proxy__center,mean_time_to_stability_ms__expected_zone_proxy__left,mean_time_to_stability_ms__expected_zone_proxy__right,mean_time_to_stability_ms__expected_zone_proxy__space,mean_time_to_stability_ms__layout_switch_needed__0,mean_time_to_stability_ms__layout_switch_needed__1,mean_time_to_stability_ms__layout_switch_needed__<missing>,mean_time_to_stability_ms__target_distance_bin__<missing>,mean_time_to_stability_ms__target_distance_bin__high,mean_time_to_stability_ms__target_distance_bin__low,mean_time_to_stability_ms__target_distance_bin__medium,wrong_first_rate__expected_char_class__<missing>,wrong_first_rate__expected_char_class__arabic_numeral,wrong_first_rate__expected_char_class__english_punctuation,wrong_first_rate__expected_char_class__thai_consonant,wrong_first_rate__expected_char_class__thai_diacritic,wrong_first_rate__expected_char_class__thai_numeral,wrong_first_rate__expected_char_class__thai_tone_mark,wrong_first_rate__expected_char_class__thai_vowel_mark,wrong_first_rate__expected_char_class__whitespace,wrong_first_rate__expected_hand_proxy__<missing>,wrong_first_rate__expected_hand_proxy__left,wrong_first_rate__expected_hand_proxy__right,wrong_first_rate__expected_hand_proxy__thumb,wrong_first_rate__expected_layout__<missing>,wrong_first_rate__expected_layout__COMMON,wrong_first_rate__expected_layout__EN,wrong_first_rate__expected_layout__TH,wrong_first_rate__expected_shift_required__0,wrong_first_rate__expected_shift_required__1,wrong_first_rate__expected_shift_required__<missing>,wrong_first_rate__expected_zone_proxy__<missing>,wrong_first_rate__expected_zone_proxy__center,wrong_first_rate__expected_zone_proxy__left,wrong_first_rate__expected_zone_proxy__right,wrong_first_rate__expected_zone_proxy__space,wrong_first_rate__layout_switch_needed__0,wrong_first_rate__layout_switch_needed__1,wrong_first_rate__layout_switch_needed__<missing>,wrong_first_rate__target_distance_bin__<missing>,wrong_first_rate__target_distance_bin__high,wrong_first_rate__target_distance_bin__low,wrong_first_rate__target_distance_bin__medium
Bao,0.4686394263742182,-0.8147251392127451,1.3995480621011622,-0.4219172723784802,-0.6966959793125438,0.960393024113186,-0.4823612593164669,0.710855690610503,3.3778778852459177,0.4686394263742182,0.26299760003852823,-0.05651742080701165,3.3778778852459177,0.4686394263742182,3.3778778852459177,0.6682354294027076,0.02065531373367493,0.7114402271469377,0.6968272046129709,0.4686394263742182,0.4686394263742182,0.8765308925276288,0.26299760003852823,-0.6719350093748931,3.3778778852459177,0.7037647439675248,1.303785940523739,0.06285198116944364,2.3009973359967293,-0.46911698944649566,-0.41284049354046887,0.9742176455163449,0.4294343708727287,-0.2422811037969346,-0.14206761301331244,-0.4110352312943919,-1.072832711479487,-0.4014573741764497,-0.9153885891136563,-0.2958464063639855,4.784085741510134,0.4294343708727287,-0.42071547399545967,-0.4482597919256331,4.784085741510134,0.4294343708727287,4.784085741510134,0.17530393218363852,-0.461253016884521,1.4720604053427861,-0.19424676715449155,0.4294343708727287,0.4294343708727287,-0.27877795231821645,-0.42071547399545967,-0.4888425027550607,4.784085741510134,1.4389040590692987,-0.09713608824601744,-0.2657974055308577,4.514847458649839,-0.4704281666754716,-0.7068864919495811,-0.15905185913116487,-0.3630933420247895,-0.16912022149221165,0.8591391009808655,0.019215354020742585,-0.3781019058774718,-0.2818347530113875,-0.020177294157136944,-0.05470080614233544,-0.11576634095658674,-0.3630933420247895,0.016829659486259408,-0.022674417492879077,-0.11576634095658674,-0.3630933420247895,-0.11576634095658674,-0.09667763415196338,-0.010452116137848341,-0.009770133852798532,-0.10931179495443116,-0.3630933420247895,-0.3630933420247895,-0.2536790764497503,0.016829659486259408,0.07552622835109414,-0.11576634095658674,-0.007893666627793502,0.6276672287076944,-0.37415127791934905,-0.21563540098763262,0.03258021692154197,-0.061754377754221816,-0.0022552977140577702,0.11396057645963799,-0.8539837321064437,1.1259433727776127,0.9417863571308083,0.3077935056255463,1.2186634327200419,0.8340576562282989,0.938063909825428,1.720168809557587,0.11396057645963799,1.05548381211404,0.8948795871244887,1.720168809557587,0.11396057645963799,1.720168809557587,0.0,0.9678651058158783,0.9312904184701585,1.4193600090483316,0.11396057645963799,0.11396057645963799,0.45392764678938,1.05548381211404,1.0544380699881002,1.720168809557587,0.9853240374925418,1.927248223318863,0.06766029953064387,0.8424248199271233,0.7705187503748756,1.0760330515353056,1.1911507106870483
Chokdee`,-0.6452159706760734,1.5102816012722746,0.21080308475645254,0.5273730519899971,2.0384871253645467,1.4933752786904075,-0.4823612593164669,0.455091192014334,0.13894859817988112,-0.6452159706760734,0.6014270991619078,0.5585632218401917,0.13894859817988112,-0.6452159706760734,0.13894859817988112,1.109002990244053,0.549325736947696,0.21668907075822688,1.8873399671727542,-0.6452159706760734,-0.6452159706760734,0.4895841314194678,0.6014270991619078,0.57419297200563,0.13894859817988112,0.5677972939115674,1.4411601299238526,-1.06553645808555,-0.2766449057623215,0.7086932837969323,0.7855251484316698,0.4290469681539064,-2.0789387224918365,-1.0633429564652672,-0.7171548299405736,-1.375693987865472,-0.6164191250807559,-1.257685778080841,-0.9685893705407999,-0.8395060132371888,-0.7259744421167633,-2.0789387224918365,-1.2540178740536068,-1.070681444812027,-0.7259744421167633,-2.0789387224918365,-0.7259744421167633,-1.3551104643977052,-1.1532688823963169,-1.3254115652969631,-0.8351453535852822,-2.0789387224918365,-2.0789387224918365,-0.7036598779664635,-1.2540178740536068,-1.1955171589650768,-0.7259744421167633,-1.2011020548473685,-1.223486524139188,-1.4763601598344696,-0.6421936738112818,-1.3079773798983245,-0.6220893882238787,-0.9042242818621677,-0.8188429083165776,-0.4290913804139254,-0.7167650430479324,-0.7299035889946622,-0.8219534362953802,0.7481731712134041,-0.544304848483108,-0.7287957970316747,-0.267972842007771,-0.8188429083165776,-0.7195228532400573,-0.6951675121876137,-0.267972842007771,-0.8188429083165776,-0.267972842007771,-0.4808390843913629,-0.7042669199434589,-0.6934836653211531,-0.6136267889805743,-0.8188429083165776,-0.8188429083165776,-0.7124735547316489,-0.7195228532400573,-0.6852807186566344,-0.267972842007771,-0.6875228285951432,-0.7599577885579245,-0.800046095579033,-0.4602683739447731,-0.745162456510397,-0.6560711849317639,-0.7073589074305404,-0.8736977528572243,0.03415934928425775,1.1259433727776127,0.5873772806315833,1.6415653633362466,1.2186634327200419,0.5328701692569686,0.6879135338719807,1.720168809557587,-0.8736977528572243,0.5197284714748092,0.7512569373390765,1.720168809557587,-0.8736977528572243,1.720168809557587,0.6373774391990981,0.6708805336143109,0.6032490856305427,1.8835532195547044,-0.8736977528572243,-0.8736977528572243,0.9185779938966191,0.5197284714748092,0.6530414401244018,1.720168809557587,0.7661928751886017,0.9636241116594313,-0.9878403731474011,-0.008178881746865548,0.8872186776161188,0.4640392534746005,0.6558681690943498
DDDD,2.487502333527872,0.1817063209951205,-1.242107443109304,0.9496184787998881,2.0384871253645467,-1.0382904305513956,1.4652842420017573,0.3894579259458137,-0.5887162585427251,2.487502333527872,0.710898632703518,0.7794922869872536,-0.5887162585427251,2.487502333527872,-0.5887162585427251,-0.6540672531213289,0.7954206387013404,0.7313613674879085,0.6699645109465736,2.487502333527872,2.487502333527872,0.7020059898680042,0.710898632703518,0.7712303849105263,-0.5887162585427251,0.689188583250599,-1.0773666757448899,1.8482767268260794,0.6201674954235749,1.0840893754790824,0.22747849912534474,0.7957847652943498,2.459136545544783,1.8374124990639389,1.6851902410501745,1.8597356135285064,1.6945507649135845,-0.5419370527854955,1.8640181094199895,1.3811467762004739,0.08535208153553564,2.459136545544783,1.8355173241327716,1.650731692003776,0.08535208153553564,2.459136545544783,0.08535208153553564,1.7043308736468603,1.7539519293308412,1.603384137038469,0.9521503726091364,2.459136545544783,2.459136545544783,1.4014951670921605,1.8355173241327716,1.7173927374968943,0.08535208153553564,1.613480432555814,1.2804349597526865,1.7432379390874675,0.3771947478764774,2.142053157203871,1.506648397442548,0.9991123147948234,1.1674243991986843,0.6580132944511807,1.0015531160842757,1.49885448204314,1.6348093554816052,-0.03770914035533927,1.133495649924118,1.5836014952612343,0.7485061883080426,1.1674243991986843,1.41451282691443,1.4993456198045174,0.7485061883080426,1.1674243991986843,0.7485061883080426,0.7294310559719506,1.4850299068195183,1.4514857206382854,1.5212369697886607,1.1674243991986843,1.1674243991986843,1.565610098037867,1.41451282691443,1.465730158919461,0.7485061883080426,1.4557568715722258,1.1029979671139263,1.3451924417727337,0.9580257070725939,1.601266142191909,1.2342891264101246,1.5558517354255597,0.11396057645963799,0.03415934928425775,-1.2160188425998215,0.20074919717788306,1.6415653633362466,-0.9919353522139877,1.135245143199629,0.4377631579185332,-0.8725493961523996,0.11396057645963799,0.22208661556412534,0.3491135179399235,-0.8725493961523996,0.11396057645963799,-0.8725493961523996,-0.6373774391990981,0.33429801845253393,0.3367155026983554,-0.43741283297715866,0.11396057645963799,0.11396057645963799,0.7327178550537236,0.22208661556412534,0.1713654842879636,-0.8725493961523996,0.2681675063160107,-0.9636241116594313,0.7713274146493406,-0.008178881746865548,0.45931894439822657,-0.23538223002334815,0.42646136555462205
JJ,0.023097267554101592,1.087553103002271,0.21080308475645254,-0.7172022654919972,-0.6966959793125438,0.8271474604688804,-0.23003911256836262,-0.46314812849678677,0.42192937579422796,0.023097267554101592,-0.9103744372502027,-0.43189784631312383,0.42192937579422796,0.023097267554101592,0.42192937579422796,0.6682354294027076,-0.6037673934186158,-0.5805376120583068,-0.2814488923791784,0.023097267554101592,0.023097267554101592,0.13528349438030432,-0.9103744372502027,-0.6920933989214864,0.42192937579422796,-0.6070844680925812,0.23226726320285618,0.2624899358068657,0.14308346996796237,-0.5326600270604798,-0.7124512914308548,-0.48797836187527915,1.2573034962624694,1.3406144345747595,1.4398436774147474,1.430584192636493,0.41488998118245274,0.3793564918990474,0.42811053742694133,0.9132919474339709,0.2927742535127306,1.2573034962624694,1.9669016090756555,0.9307713235911202,0.2927742535127306,1.2573034962624694,0.2927742535127306,1.2805400608834883,1.2121565970242525,1.069502094775133,1.6868246137620513,1.2573034962624694,1.2573034962624694,0.7921982877787356,1.9669016090756555,0.9829192115491145,0.2927742535127306,1.0713234872937116,1.6068368328265443,2.140856327989165,0.6972251416912338,1.348894794030188,0.6977244513149702,0.9037101445964116,2.129518860846446,0.13674838656263943,1.2697589633732507,1.7150735063399702,2.41028484133402,1.1966425147322248,1.2503230376636156,1.8345073599347876,1.182443420006638,2.129518860846446,1.8540021641890774,1.639433681879871,1.182443420006638,2.129518860846446,1.182443420006638,0.23792095557310744,1.7183866653156672,1.6525721313228694,2.273497293751595,2.129518860846446,2.129518860846446,1.976305271502099,1.8540021641890774,1.4903683020798033,1.182443420006638,1.6791609214449659,1.5218341991203352,2.053014081824533,1.5045819757811756,1.8617966317259713,1.4961538950537157,1.5868325098247027,0.11396057645963799,2.6985885934563623,-0.04503773491110435,-0.8624780323197927,-1.025978352085154,-0.25506909056931115,0.2316826822856384,-0.4377631579185324,0.4238097067025937,0.11396057645963799,-0.7898956945321994,-0.5126223807725471,0.4238097067025937,0.11396057645963799,0.4238097067025937,1.9121323175972942,-0.6754495270327967,-0.6064033292155393,-0.20531622772397237,0.11396057645963799,0.11396057645963799,0.2680675079464845,-0.7898956945321994,-0.8321260903712826,0.4238097067025937,-0.5884361281448457,0.0,-0.2841732580287044,-0.008178881746865548,-0.6298803765200442,-0.7599483426468097,-0.41469691409104686
Ja,-0.6452159706760734,1.087553103002271,0.8334790252703479,-1.4157837406090796,-0.6966959793125438,-0.10557148504125763,-0.7758068268585856,-0.9273382990009822,-1.0674431379654923,-0.6452159706760734,-0.8485190279826222,-1.2740798627440906,-1.0674431379654923,-0.6452159706760734,-1.0674431379654923,0.9131062965367885,-1.232261386495042,-1.2293182420060471,-0.9004091126869979,-0.6452159706760734,-0.6452159706760734,-0.8597442639907731,-0.8485190279826222,-1.3046175053968694,-1.0674431379654923,-1.2165577658852549,0.7935389513233185,-1.06553645808555,-1.1173570024704993,-0.9906255683482653,-1.0562729917446243,-1.1202995037293721,1.3630265651004634,1.277925124618686,1.6141183768436247,1.2680319502297908,2.2640801261757693,1.4113119066067668,0.37224369082879755,0.6835201897268686,0.3157350259953752,1.3630265651004634,1.515250566004226,0.844804878066547,0.3157350259953752,1.3630265651004634,0.3157350259953752,1.4715444613818847,1.0356063809554488,0.909583604703732,1.775115736423644,1.3630265651004634,1.3630265651004634,0.694136320294685,1.515250566004226,0.9160624024673554,0.3157350259953752,0.9496421178397733,1.3973046668452354,1.1320985227712128,0.2709499659261105,1.3057675470630472,0.7681632109049676,0.7696500084100029,0.840850166375008,-0.005655241051528969,1.5453235895581467,0.6023329007566122,1.157801271055484,0.2459007340306934,0.4072459706255793,0.6560395246110492,0.27103842603308476,0.840850166375008,0.6717992472696985,0.5710836666369696,0.27103842603308476,0.840850166375008,0.27103842603308476,0.12009651898677155,0.6053173037103968,0.5768029090823596,0.8227864473290948,0.840850166375008,0.840850166375008,0.6853090861498401,0.6717992472696985,0.5204836050792082,0.27103842603308476,0.5883528446626896,1.51665496813555,0.7027075716362463,0.42124583768649143,0.6932188789574908,0.5181840565077532,0.5255582925622071,-0.8736977528572243,1.8104455120656606,1.1259433727776127,-1.345763136636918,-1.025978352085154,-0.25506909056931115,-0.9730672655996824,-1.313289473755598,-1.5207289475798962,-0.8736977528572243,-1.0280091792607464,-1.3456337495279354,-1.5207289475798962,-0.8736977528572243,-1.5207289475798962,1.9121323175972942,-1.328815585876246,-1.282988578197246,-0.9016060434835312,-0.8736977528572243,-0.8736977528572243,-1.2188136027966812,-1.0280091792607464,-1.3539417091940906,-1.5207289475798962,-1.3055926593213767,0.9636241116594313,-0.9878403731474011,-1.2840844342578484,-1.213380012726261,-1.2845144552702712,-1.179386259223473
Kuga,-0.6452159706760734,-0.8147251392127451,0.21080308475645254,-1.2679825966873826,-0.6966959793125438,-1.0382904305513956,-1.1012646381325717,-1.1670393229629827,-0.1932462277152217,-0.6452159706760734,-0.7926738609110819,-1.5019882566955742,-0.1932462277152217,-0.6452159706760734,-0.1932462277152217,-0.6540672531213289,-1.3047915962223553,-1.4042710198128805,-0.4201813555516207,-0.6452159706760734,-0.6452159706760734,-1.6318776189469082,-0.7926738609110819,-1.1942304226081235,-0.1932462277152217,-1.306843816779591,0.23226726320285618,-1.06553645808555,-1.2474212163243745,-0.9536249658349318,-1.1288221796755824,-1.4629976582361524,0.28144043846646893,-0.9910846728043089,0.6919287822318568,-0.13727244742613126,-0.18726570751284768,-1.0862465019092307,-0.4451021871423399,-0.31124618171260626,-0.377099939011904,0.28144043846646893,-0.5317186916921675,-0.1992798184381649,-0.377099939011904,0.28144043846646893,-0.377099939011904,-0.012587310710767602,-0.2967781204898983,-0.37375178446658214,-0.17127268288520867,0.28144043846646893,0.28144043846646893,-0.3193734200605683,-0.5317186916921675,-0.06312861730533,-0.377099939011904,-0.35450016552104463,0.6626409218058797,-0.5551156579788704,-0.4739760309718641,0.09318358234088356,-0.8548078804704728,-0.33071767603308755,-0.4444567522429159,-0.48037927762282356,-0.7689690862742888,-0.572894761159322,-0.517574401208708,-0.5508943131920658,-0.552497786232093,-0.5711960817747394,-0.5589331158040306,-0.4444567522429159,-0.587357229333774,-0.5667121510795978,-0.5589331158040306,-0.4444567522429159,-0.5589331158040306,-0.5355905568657854,-0.5722038146197765,-0.5738050293059196,-0.5499438080612359,-0.4444567522429159,-0.4444567522429159,-0.529655242846174,-0.587357229333774,-0.580384351916273,-0.5589331158040306,-0.5745859853335303,-0.6004919924474468,-0.47112306811606697,-0.5355073743814636,-0.5920647559834236,-0.5396452412373561,-0.5624848469047644,-0.8736977528572243,-0.8539837321064437,-0.04503773491110435,-1.3779821435913933,0.3077935056255463,-0.25506909056931115,-1.5754422395423429,-1.313289473755598,-0.8725493961523996,-0.8736977528572243,-1.2065942928071567,-1.4318073393991826,-0.8725493961523996,-0.8736977528572243,-0.8725493961523996,-0.6373774391990981,-1.368413528836455,-1.426506661314578,-0.43741283297715866,-0.8736977528572243,-0.8736977528572243,-1.5905338804824722,-1.2065942928071567,-1.3138020462077207,-0.8725493961523996,-1.3852767183409913,0.0,-0.9878403731474011,-1.2840844342578484,-1.213380012726261,-1.2845144552702712,-1.5617309317896861
Kurosagi Ichigo,-0.6452159706760734,-0.8147251392127451,-1.242107443109304,-0.7211859755391944,-0.6966959793125438,-1.0382904305513956,-0.1002353095171295,0.34867493634164265,-1.0674431379654923,-0.6452159706760734,0.060712232719854375,-0.48986456386145144,-1.0674431379654923,-0.6452159706760734,-1.0674431379654923,-1.53560237480402,-0.2975083228550583,-0.31553610756172273,-0.9004091126869979,-0.6452159706760734,-0.6452159706760734,-0.13472679578020666,0.060712232719854375,-0.5945055969865011,-1.0674431379654923,-0.3434289172061938,-1.0773666757448899,-0.7914992656950515,-1.3839886408709432,-0.27979108808073083,-0.28838502228883744,0.0809526978246159,-0.6750562062719986,-0.8004849480730502,-1.5563503843643425,-0.5417554412572191,-0.6806267569603299,0.23312742319136442,-0.24981467959063938,-0.3232720493404103,0.05783913311287387,-0.6750562062719986,-0.26650365737942827,-0.662040983559259,0.05783913311287387,-0.6750562062719986,0.05783913311287387,-1.344016510859537,-0.5336765621881587,-0.5488697291303678,-0.6604892913600245,-0.6750562062719986,-0.6750562062719986,-0.5393186431708202,-0.26650365737942827,-0.6429979619208886,0.05783913311287387,-0.578522147654227,-0.8579688372839616,-0.5080065646527429,-0.4751162897868777,-0.4524771788895223,-0.5142706071784173,-0.36693639022509655,-0.7416365327560231,-0.42108434878945283,-0.7469793234558899,-0.707985721246775,-0.7888202484281174,-0.7539373341486021,-0.6167596891110255,-0.7296894068495264,-0.6458619958876705,-0.7416365327560231,-0.7221012076992885,-0.702479721414915,-0.6458619958876705,-0.7416365327560231,-0.6458619958876705,-0.4754111063435579,-0.7104315097882401,-0.6991061601405194,-0.8458412425224532,-0.7416365327560231,-0.7416365327560231,-0.7397153751425418,-0.7221012076992885,-0.6841012613153021,-0.6458619958876705,-0.7065112830053708,-0.883986741088296,-0.7298489300619486,-0.6887918336650988,-0.7349986768128651,-0.6714362662959588,-0.681110757560028,-0.8736977528572243,-0.8539837321064437,-1.2160188425998215,-0.47584994886609255,-1.025978352085154,-0.9919353522139877,-0.6718797786283522,-0.12507518797672315,-0.8725493961523996,-0.8736977528572243,-0.3731970962572421,-0.4838978508154648,-0.8725493961523996,-0.8736977528572243,-0.8725493961523996,-1.2747548783981961,-0.41806289779143807,-0.4218800794932555,-0.9016060434835312,-0.8736977528572243,-0.8736977528572243,-0.010722700317859064,-0.3731970962572421,-0.6715674384258031,-0.8725493961523996,-0.4489890248605203,-0.9636241116594313,-0.6360068155880527,-1.0714335088393512,-0.5520804250258822,-0.06052685914886088,-0.41469691409104686
M,0.6078713510055047,1.087553103002271,0.8334790252703479,1.3674828085937385,-0.6966959793125438,1.6355038799110002,0.9850912257185603,1.7181011060304865,-1.0674431379654923,0.6078713510055047,1.6365180017830714,1.71915444703987,-1.0674431379654923,0.6078713510055047,-1.0674431379654923,0.9131062965367885,1.7228837555371117,1.2951205177076175,2.46962133582692,0.6078713510055047,0.6078713510055047,1.7183062503037836,1.6365180017830714,1.532956542430331,-1.0674431379654923,1.6713004513981267,0.7935389513233185,0.7842145905503147,1.5211061239612433,1.4674883622838029,2.131000320727818,0.9476981828891812,-0.6752479209400912,0.5407358398866686,-1.0205114418057444,-0.17663098366447424,-0.15995576557194244,-1.9886037185041392,0.3737947896010738,-0.3056113247718673,-0.3238669058788401,-0.6752479209400912,-0.2922193601870816,-0.1398289363243991,-0.3238669058788401,-0.6752479209400912,-0.3238669058788401,-0.23863336130553908,-0.18459698108279401,-0.30274595164082746,-1.0156474104098046,-0.6752479209400912,-0.6752479209400912,-0.22877712602109188,-0.2922193601870816,-0.01191202150666481,-0.3238669058788401,-0.24778489759412173,-0.7263246452851838,-0.5642842769044198,-0.338570218559857,-0.23126120833028857,0.29162463886822104,-0.24249481266290893,-0.03883861404627981,-0.4192827666739465,-0.42587684198564796,-0.21761345548457306,0.10799560737824439,-0.19257077995459976,-0.1732706165880806,-0.20648047232198358,-0.4518532317384079,-0.03883861404627981,-0.17686631063947167,-0.22612327463827236,-0.4518532317384079,-0.03883861404627981,-0.4518532317384079,-0.44752495712519763,-0.20868425528163398,-0.22259289239538388,-0.1724475641546598,-0.03883861404627981,-0.03883861404627981,-0.21607052101394772,-0.17686631063947167,-0.22956816912532796,-0.4518532317384079,-0.22079360569101816,-0.5663499566135368,-0.10928094205768975,-0.3151873312096521,-0.1931092866822203,-0.1979579769107634,-0.24078974455597424,0.11396057645963799,0.9223024306749593,2.29692448046633,1.2639764266755587,-1.025978352085154,1.9555296943647182,1.135245143199629,1.4383646617323227,0.4238097067025937,0.11396057645963799,1.7102958951175442,1.2108494166523944,0.4238097067025937,0.11396057645963799,0.4238097067025937,1.9121323175972942,1.3440455639378641,1.2798343346122496,2.1156498248078908,0.11396057645963799,0.11396057645963799,0.9185779938966191,1.7102958951175442,1.2952760479063192,0.4238097067025937,1.363823317835711,0.9636241116594313,0.7713274146493406,0.8424248199271233,1.4707183138223359,2.0377375913449853,0.5029303000678647
Mick,-0.6452159706760734,2.1102833407522796,-1.242107443109304,-0.34967206015420504,-0.6966959793125438,-1.0382904305513956,-0.6130779212215924,-0.3390299777053243,-0.1932462277152217,-0.6452159706760734,-0.7377258049571569,-0.16949522040180653,-0.1932462277152217,-0.6452159706760734,-0.1932462277152217,1.8349730904533277,-0.48397646556346,-0.24108322840359575,-1.5059136760316039,-0.6452159706760734,-0.6452159706760734,0.539139421638187,-0.7377258049571569,-0.5968713064619899,-0.1932462277152217,-0.31530918443028033,-1.0773666757448899,-0.7914992656950515,0.14308346996796237,-0.8465322221977798,-0.2832510480861495,0.22734117972666265,-0.3046277436801844,0.9459528250150887,0.2932814872479232,0.23103758843974337,-0.5676653644471662,0.20836853395391744,-0.16572584404924418,0.3495731228144759,0.014544707493654614,-0.3046277436801844,0.2509250630727607,0.2570854033988352,0.014544707493654614,-0.3046277436801844,0.014544707493654614,0.35174959955601803,0.19931523166417778,0.21894134563693646,0.016359819441935566,-0.3046277436801844,-0.3046277436801844,0.471302812286045,0.2509250630727607,0.08372504639040668,0.014544707493654614,0.17211708760333394,0.6306785507062581,0.413504403217115,0.23659234629522893,-0.05468479347067645,0.38566642293400555,0.4322393172321682,-0.3763838035532002,0.02397077595901953,-0.43003238771510915,-0.28418311327278045,-0.3949021612206045,-0.42540887613619127,-0.3094760485317344,-0.27097523553269826,-0.24295096563001228,-0.3763838035532002,-0.2897085377419056,-0.2794699189336139,-0.24295096563001228,-0.3763838035532002,-0.24295096563001228,-0.011364744420055037,-0.2859750988338293,-0.2739642294060215,-0.4171310448761155,-0.3763838035532002,-0.3763838035532002,-0.2808247617002137,-0.2897085377419056,-0.27787487903715197,-0.24295096563001228,-0.2796454682440394,-0.4369373297700337,-0.3655261981696971,-0.27449569317893646,-0.300535482737424,-0.2494546778743937,-0.2792934661338989,-0.8736977528572243,0.03415934928425775,-1.2160188425998215,-0.08922186541239227,-1.025978352085154,-0.9919353522139877,-0.370692291657022,-0.37522556393017054,-0.8725493961523996,-0.8736977528572243,-0.3136687250751054,-0.2253770812017236,-0.8725493961523996,-0.8736977528572243,-0.8725493961523996,-0.6373774391990981,-0.23987215447049737,-0.17584907986354403,-1.3657992539899038,-0.8736977528572243,-0.8736977528572243,-0.19658283916075486,-0.3136687250751054,-0.23003114557573484,-0.8725493961523996,-0.2497788773114839,-0.9636241116594313,-0.6360068155880527,-0.8587825834208541,-0.4742804735317198,0.026900826288382543,0.04411669298840877
Micky,-0.6452159706760734,-0.8147251392127451,0.21080308475645254,0.24123717356057825,2.4031782059881586,0.8271474604688804,0.62524936069894,-0.9300641603415927,-0.5887162585427251,-0.6452159706760734,-0.10132361313438562,-0.09462870180109896,-0.5887162585427251,-0.6452159706760734,-0.5887162585427251,-0.6540672531213289,-0.08093232917312713,-0.1537152065894961,0.08430032871180582,-0.6452159706760734,-0.6452159706760734,-0.9178536606008512,-0.10132361313438562,0.3571201178310894,-0.5887162585427251,-0.38603586793200834,0.7935389513233185,1.8118540620146837,0.7157355115325521,-0.5047283733644432,0.26015698533311243,-0.3646474064266686,-1.0401485441760596,-0.19337009185057352,-1.0613824691778901,-0.1114429975110335,0.8387772805922675,0.4536897730562496,-0.07941165382452287,-0.9192817823692896,-0.2687006335339037,-1.0401485441760596,-0.04277063946905971,-0.49600777126410944,-0.2687006335339037,-1.0401485441760596,-0.2687006335339037,-0.6672330354417332,-0.3715531462792662,-0.48962276253801973,0.4062618960722421,-1.0401485441760596,-1.0401485441760596,-0.6943732392649663,-0.04277063946905971,-0.3127936606871068,-0.2687006335339037,-0.5959377191384742,-0.713237361545032,1.5274929860643467,0.12619405284308677,-0.4576669754714303,-0.6090397519310653,-0.3312319541778141,-0.3125100623364232,-0.41031060177330986,-0.765419557630374,-0.4078551315688536,-0.2763774112511465,-0.07526438315658351,-0.36592218894466355,-0.40610881217107675,-0.3544390883496138,-0.3125100623364232,-0.3645386142338106,-0.4172828735306574,-0.3544390883496138,-0.3125100623364232,-0.3544390883496138,-0.46630111465242985,-0.4011852572404683,-0.4037813686653296,-0.3616406607620994,-0.3125100623364232,-0.3125100623364232,-0.33293194135618365,-0.3645386142338106,-0.45158810023718243,-0.3544390883496138,-0.40377041380681306,-0.6916737168901046,-0.30080758992207773,-0.33642661649413014,-0.4101522402256593,-0.407890744830003,-0.39247292689137414,-0.8736977528572243,-0.8539837321064437,-0.04503773491110435,0.007435155451032922,1.6415653633362466,0.4817971710753653,-0.370692291657022,-0.4377631579185324,-0.22436984472490293,-0.8736977528572243,-0.3731970962572421,-0.024305371502147073,-0.22436984472490293,-0.8736977528572243,-0.22436984472490293,-0.6373774391990981,-0.12107832558987015,-0.13484391325859194,-0.20531622772397237,-0.8736977528572243,-0.8736977528572243,0.36099757736793225,-0.3731970962572421,-0.18989148258936495,-0.22436984472490293,-0.1501738035369656,0.9636241116594313,-0.6360068155880527,-0.4334807325838597,-0.3186805705433953,0.026900826288382543,0.12058562750165135
Naenon,-0.6452159706760734,1.087553103002271,-1.242107443109304,1.9743350942578097,1.1632285318678777,1.200235038672936,1.0072865008659126,1.0233483718902145,0.6658783220134926,-0.6452159706760734,1.0043736048537064,1.572959108406076,0.6658783220134926,-0.6452159706760734,0.6658783220134926,0.353401457373175,1.4504851396650715,1.4580013015835933,1.0621127699263704,-0.6452159706760734,-0.6452159706760734,1.7078760302333653,1.0043736048537064,1.3252013950164772,0.6658783220134926,1.4334734920811874,-1.0773666757448899,0.5498406760058092,1.1289901342365367,0.863976225296381,1.1346426129633234,1.839082034352453,-0.3131111400710841,-0.6741881030342395,-0.19969035628744783,-0.0769538854548562,0.2619852801636796,-0.4749314970539551,0.31916747581916843,-0.0974817701140489,-0.1228767067672521,-0.3131111400710841,-0.34956299445449257,0.013087554704217809,-0.1228767067672521,-0.3131111400710841,-0.1228767067672521,-0.9691488041826192,-0.07538168648795003,-0.16442642602076296,-0.1668080912409987,-0.3131111400710841,-0.3131111400710841,0.09145925843626687,-0.34956299445449257,-0.005237217186871996,-0.1228767067672521,-0.1487801297409214,-0.2602349553325819,-0.009781862229633717,-0.13316011607909325,-0.13461056886243689,0.15180050426533992,-0.106031272548824,0.005129558317428703,-0.20214207780778187,0.1400565420453498,-0.08332607458682664,-0.03556596261926193,0.06162982299212571,-0.10610419841379544,-0.06285644388788844,-0.07829961692449106,0.005129558317428703,-0.059381168978791636,-0.08756397100423571,-0.07829961692449106,0.005129558317428703,-0.07829961692449106,-0.18767194837748868,-0.07804008609462498,-0.08301727894970881,-0.020776444073237185,0.005129558317428703,0.005129558317428703,-0.10939606294661806,-0.059381168978791636,-0.07797145743101024,-0.07829961692449106,-0.07996754098392014,0.2158502176411913,-0.050563542789987925,-0.06446331895409238,-0.06822686811616266,-0.09292940727104054,-0.09034916456173984,1.1016189057765002,0.9223024306749593,-1.2160188425998215,2.037232593582959,0.3077935056255463,1.9555296943647182,0.5328701692569686,1.4383646617323227,1.720168809557587,1.1016189057765002,1.1150121832961768,2.072585315364865,1.720168809557587,1.1016189057765002,1.720168809557587,0.0,1.7994219079802685,1.7308911672667213,2.1156498248078908,1.1016189057765002,1.1016189057765002,2.0337388269539933,1.1150121832961768,2.017789981660977,1.720168809557587,1.8419276719533981,-0.9636241116594313,1.1231609722086888,2.5436322232751,1.0428185806044437,1.9503099059077416,2.567591531925415
Offroad,-0.6452159706760734,-0.8147251392127451,0.8334790252703479,-1.266862236963366,-0.6966959793125438,-1.0382904305513956,-1.1012646381325717,-1.427299415033464,-1.0674431379654923,-0.6452159706760734,-1.2676427493991589,-1.3983660269993172,-1.0674431379654923,-0.6452159706760734,-1.0674431379654923,-0.06637717199953498,-1.3973475483105742,-1.4042710198128805,-1.5059136760316039,-0.6452159706760734,-0.6452159706760734,-1.2891081389430163,-1.2676427493991589,-1.2303773487807639,-1.0674431379654923,-1.3992222442879323,-1.0773666757448899,-1.06553645808555,-1.5275595230865668,-1.1818324504360451,-1.1275793956495042,-1.321323560842288,1.960586607402638,-0.24255896180256517,-0.03981319841096442,1.558918591973705,0.572489608284452,0.7552231616697422,0.49445869450963426,0.9563049864771691,0.003922789958971875,1.960586607402638,1.2585822090056897,1.2563198123742239,0.003922789958971875,1.960586607402638,0.003922789958971875,0.07610384398333202,1.3035248363950165,1.135861336952411,1.5985249935390802,1.960586607402638,1.960586607402638,1.099314104661183,1.2585822090056897,1.2939158445539636,0.003922789958971875,1.185733522770276,-0.03130542462462785,1.1012667117892723,0.21985201769462376,1.5725314653080689,0.8393557787633769,1.0223956908252452,0.8837519689787305,-0.1446558802252964,0.6151739371137471,0.6745853321811536,1.188294084995384,0.138239431876378,0.48038875772034323,0.7397727726557033,0.2132587762093775,0.8837519689787305,0.7414816221949636,0.6405120854275792,0.2132587762093775,0.8837519689787305,0.2132587762093775,-0.0924253660055636,0.6789405438165538,0.6444833834380507,0.8518782475845537,0.8837519689787305,0.8837519689787305,0.703726660184914,0.7414816221949636,0.6113252992598822,0.2132587762093775,0.656668688494617,0.7350681238658622,0.7245687396267514,0.3938813614980293,0.7790633660282535,0.5781301823972687,0.5935115483674406,-0.8736977528572243,0.03415934928425775,-0.04503773491110435,-1.281325122727968,-1.025978352085154,-0.9919353522139877,-1.5754422395423429,-1.4383646617323216,-0.8725493961523996,-0.8736977528572243,-1.3256510351714301,-1.3743582794850178,-0.8725493961523996,-0.8736977528572243,-0.8725493961523996,0.0,-1.3882125003165595,-1.3239937448021981,-1.59789585924309,-0.8736977528572243,-0.8736977528572243,-1.125883533375233,-1.3256510351714301,-1.4342210351668303,-0.8725493961523996,-1.365355703586088,-0.9636241116594313,-0.9878403731474011,-1.4967353596763457,-1.213380012726261,-1.3719421407075147,-1.4087930627632008
Plub,-0.6452159706760734,-0.8147251392127451,0.21080308475645254,-0.060094769232291734,-0.6966959793125438,0.960393024113186,-0.3752433668290641,1.6959445753706623,-1.0674431379654923,-0.6452159706760734,-0.1411469117431123,1.002919294535549,-1.0674431379654923,-0.6452159706760734,-1.0674431379654923,-0.6540672531213289,0.7475538613086053,0.7511076075624968,-0.02999630287912679,-0.6452159706760734,-0.6452159706760734,1.934590249919496,-0.1411469117431123,0.10144743214224959,-1.0674431379654923,0.7307187755246171,0.23226726320285618,-1.06553645808555,-1.260450905010988,-0.12315302609115199,-0.23239793868511813,2.104968234711176,-0.2334609922800994,-1.013202750106017,0.04315262418728876,0.14595100979039474,-0.30320879003205414,-0.9508614748508624,-0.35336337788628214,3.307666730851343,-0.36282420392365555,-0.2334609922800994,0.007895615014787253,2.039169019395464,-0.36282420392365555,-0.2334609922800994,-0.36282420392365555,-0.41838957544148797,1.6016557383212102,1.4749300425918397,0.18714208324338336,-0.2334609922800994,-0.2334609922800994,3.5233650365175335,0.007895615014787253,0.1900375627126003,-0.36282420392365555,1.4469827721138797,0.45180647489020326,0.0176851199062539,-0.2921900158232002,0.14431410443516282,-0.18752546281423293,3.3753927572583473,-0.14062571627769377,1.384315405009251,-0.2165412258640398,0.08293913386304089,-0.12189217035946152,-0.28627700803014344,0.15227282316624602,0.13566086940720345,0.7377796945518084,-0.14062571627769377,-0.020530959342431373,0.16866490856895344,0.7377796945518084,-0.14062571627769377,0.7377796945518084,1.3456086469940511,0.09774413374045086,0.12490455085789894,0.32694252439949406,-0.14062571627769377,-0.14062571627769377,0.1919391167436879,-0.020530959342431373,0.15816398721122896,0.7377796945518084,0.1358049352416968,-0.29566698988241813,0.02116974120604075,0.44273824663574524,0.08663625478514037,0.10914665657532345,0.10363287950686928,-0.8736977528572243,1.8104455120656606,-0.04503773491110435,0.26518721108683313,0.3077935056255463,0.4817971710753653,-0.0695048046856918,0.5003007519068952,2.3683483609850837,-0.8736977528572243,0.04350150201771517,0.5214606976824178,2.3683483609850837,-0.8736977528572243,2.3683483609850837,1.2747548783981961,0.33429801845253393,0.39822325260578306,0.7230701932887729,-0.8736977528572243,-0.8736977528572243,0.08220736910358871,0.04350150201771517,0.6931811031107715,2.3683483609850837,0.48729866861995086,0.0,-0.9878403731474011,0.629773894508626,0.3815189929040647,0.28918388260011346,0.42646136555462205
Shimmy,-0.6452159706760734,1.087553103002271,0.21080308475645254,2.1497110435830447,0.3365954157876903,0.36078798771381143,3.069136617959669,2.1309748126349475,1.0023466054211778,-0.6452159706760734,2.8538610595223113,2.3849734342731765,1.0023466054211778,-0.6452159706760734,1.0023466054211778,0.6682354294027076,2.5933000618519406,2.7545292856150896,0.6197394746127513,-0.6452159706760734,-0.6452159706760734,0.7855492400279072,2.8538610595223113,2.82355222364027,1.0023466054211778,2.5908051050110665,0.23226726320285618,0.3993168976018416,0.7520392174363119,2.8455990464638394,3.3219432249984657,0.9588174513584982,-0.9522492544423244,0.28789380112473384,-0.2982480848706783,0.3012191275107966,-0.29230734088902655,0.670720299824751,3.6471816827640415,0.5423136355275068,-0.03448432075517607,-0.9522492544423244,0.5550737847185613,1.174527747848048,-0.03448432075517607,-0.9522492544423244,-0.03448432075517607,-0.12601623726577157,1.0466050779191471,0.9684147039379386,0.029814701732353344,-0.9522492544423244,-0.9522492544423244,0.150472484890744,0.5550737847185613,1.6683286337410315,-0.03448432075517607,0.95237891569164,-0.06277731326868806,-0.5942236309644712,-0.2905137013729961,0.38854214969782463,3.2437938995601394,0.4134965088827521,3.2565030058899795,4.565816482233488,-0.033783787637110735,3.562625985333056,2.230680998920962,4.409230638656097,4.136162844180699,3.3820016804228983,4.307927584525308,3.2565030058899795,3.4351147971967966,3.644313243751694,4.307927584525308,3.2565030058899795,4.307927584525308,4.493483905768451,3.5679801344615467,3.652273868165633,2.8722364936005285,3.2565030058899795,3.2565030058899795,3.331062621333388,3.4351147971967966,3.764069284517513,4.307927584525308,3.6213215224212068,0.031578631024639474,3.402004677046402,4.080037921534918,3.2768533794770214,3.924481220372106,3.7052839822540196,2.089277235093362,0.03415934928425775,1.1259433727776127,2.4882986909456095,0.3077935056255463,-0.25506909056931115,2.64118257805628,2.251353383581026,-0.22436984472490293,2.089277235093362,2.4841647204853214,2.3311060849786065,-0.22436984472490293,2.089277235093362,-0.22436984472490293,0.6373774391990981,2.4131900238635087,2.4894867494583317,0.25887698278240023,2.089277235093362,2.089277235093362,2.126668896375441,2.4841647204853214,2.3389072855519353,-0.22436984472490293,2.339953040825989,0.0,2.5304952024460823,1.905679447019609,2.754417513476013,2.2125929622194724,1.4970264487400184
Tack,-0.6452159706760734,-0.8147251392127451,-1.242107443109304,0.10811535148565336,-0.6966959793125438,-1.0382904305513956,-0.34011330531437833,0.319684618430244,0.8783499848496261,-0.6452159706760734,0.5015864573055149,-0.2226941780730288,0.8783499848496261,-0.6452159706760734,0.8783499848496261,-1.53560237480402,0.03507945370205827,-0.042253629752931766,0.593168810229697,-0.6452159706760734,-0.6452159706760734,-0.18099702123384068,0.5015864573055149,-0.1686637079334315,0.8783499848496261,0.005336495720711429,-1.0773666757448899,0.2624899358068657,-0.09185070093033072,0.16725468037501232,0.7555503376983463,-0.8200954779437459,-1.0341958997999803,-0.24900169922397997,-0.8341225249653038,-1.3278630704732683,-1.3223414456262952,0.6837051353776638,-0.9080695617209417,-1.18447564558088,-0.4197851958502859,-1.0341958997999803,-1.4079633913132805,-1.3562468206202554,-0.4197851958502859,-1.0341958997999803,-0.4197851958502859,-0.6593683447504189,-1.3910385660690514,-1.399076825079252,-1.2491814719163605,-1.0341958997999803,-1.0341958997999803,-1.0467714137304287,-1.4079633913132805,-1.4127876246246007,-0.4197851958502859,-1.4022763526211683,-0.8712868002268647,-1.0544251046307076,-0.7375978484036798,-1.4688027364346523,-0.7323505935234471,-1.2213195748856973,-0.970526475814672,-0.5230453175646559,-1.1288566612195017,-0.9523592926826854,-1.0022699460074174,-0.6871932792141924,-0.8281518263202468,-0.9639472511049358,-0.7415214355843635,-0.970526475814672,-0.9648121839932318,-0.9350915027218483,-0.7415214355843635,-0.970526475814672,-0.7415214355843635,-0.6068723697503845,-0.9470753895972969,-0.9358117352932261,-0.9795225339165524,-0.970526475814672,-0.970526475814672,-0.9576629166763436,-0.9648121839932318,-0.9220929680567957,-0.7415214355843635,-0.9387252589063281,-1.248713638858927,-0.9364661511702679,-0.8216717130826244,-0.987506819957085,-0.8947554803033881,-0.9163665988310702,0.11396057645963799,-0.8539837321064437,-1.2160188425998215,-0.057002858457917124,-1.025978352085154,-0.9919353522139877,-0.370692291657022,0.18761278196508607,-0.8725493961523996,0.11396057645963799,0.4006717291105357,-0.3115506710729705,-0.8725493961523996,0.11396057645963799,-0.8725493961523996,-1.2747548783981961,-0.04188243966945217,-0.07333616335116401,-0.43741283297715866,0.11396057645963799,0.11396057645963799,-0.19658283916075486,0.4006717291105357,-0.3504501345348445,-0.8725493961523996,-0.11033177402715846,-0.9636241116594313,0.4194938570899923,-0.22082980716536263,-0.04638074031382755,0.026900826288382543,-0.26175904506456155
Tw,-0.6452159706760734,-0.8147251392127451,-1.242107443109304,-0.8455621663442706,0.3365954157876903,-1.0382904305513956,-1.1012646381325717,-1.5929352270636015,0.13894859817988112,-0.6452159706760734,-1.1436427179626885,-1.248560745535723,0.13894859817988112,-0.6452159706760734,0.13894859817988112,-1.53560237480402,-1.2143344185579055,-1.2868211534543932,-0.5688232803792375,-0.6452159706760734,-0.6452159706760734,-1.1608565918793592,-1.1436427179626885,-1.08778855244998,0.13894859817988112,-1.198745399234237,-1.0773666757448899,-1.06553645808555,-0.9933422869354092,-1.0688719000923044,-0.7091327328482927,-1.4629976582361524,0.521532411704197,-0.08678239653553929,1.005797466575603,0.47127168189482943,1.0741064397431856,0.7604886647170481,-0.1842103576614791,0.20924741858816756,0.010201620016057117,0.521532411704197,0.52512627184973,0.2242297129362612,0.010201620016057117,0.521532411704197,0.010201620016057117,0.2840463772308503,0.32222162435039015,0.21203771005618266,0.6824346498368973,0.521532411704197,0.521532411704197,0.08630600481600074,0.52512627184973,0.3420725802050584,0.010201620016057117,0.2566846119002663,0.7825619142514829,0.09051022738315438,-0.0822935080451158,0.5105571227258483,0.08039018041132616,0.2877246734037562,-0.047315349934980586,-0.22055110140868972,-0.0530031866358688,-0.1316765578298608,0.026330944757592737,0.01472710561047197,-0.15096680777685456,-0.11098161912586528,-0.14387464529747634,-0.047315349934980586,-0.11184674150772785,-0.1325380014058571,-0.14387464529747634,-0.047315349934980586,-0.14387464529747634,-0.22150000871432807,-0.12522208209597213,-0.1311722984064726,-0.059346107093493375,-0.047315349934980586,-0.047315349934980586,-0.10998729418325923,-0.11184674150772785,-0.14163275419926113,-0.14387464529747634,-0.12711051387155656,-0.1347019426973973,-0.10244932706065689,-0.13912575993212603,-0.11568952874220334,-0.11958097214148483,-0.14807673069547073,-0.8736977528572243,-0.8539837321064437,-1.2160188425998215,-1.0880110810011179,0.3077935056255463,-0.9919353522139877,-0.9730672655996824,-1.37582706774396,-0.22436984472490293,-0.8736977528572243,-1.2661226639892935,-1.1732865697854413,-0.22436984472490293,-0.8736977528572243,-0.22436984472490293,-1.2747548783981961,-1.1902227855155143,-1.2214808282898182,-0.6695094382303449,-0.8736977528572243,-0.8736977528572243,-1.2188136027966812,-1.2661226639892935,-1.1131037312758716,-0.22436984472490293,-1.1860665707919549,-0.9636241116594313,-0.9878403731474011,-0.8587825834208541,-1.2522799884733422,-0.9348037135212969,-1.2558551937367155
champion,0.4686394263742182,-0.8147251392127451,-1.242107443109304,-0.5996449305530338,-0.6966959793125438,0.960393024113186,0.32094141387292924,0.42403216190875276,-0.5887162585427251,0.4686394263742182,0.6082551620756512,-0.4717203617160543,-0.5887162585427251,0.4686394263742182,-0.5887162585427251,-1.53560237480402,-0.09242188017804269,-0.2394295928191461,0.47970489205341044,0.4686394263742182,0.4686394263742182,0.1561060201438988,0.6082551620756512,-0.7615015587215266,-0.5887162585427251,-0.20344282413158846,-1.0773666757448899,0.6901594524840843,0.2701976107438507,-0.5073802849328011,0.22747849912534474,0.009750136899470916,0.07467922015878405,-0.8371450990226068,-0.8371300459451366,-0.20221717998668123,-0.3224857804781955,0.10440779246857798,-0.45791275414253685,0.007022510845182409,-0.0534419506453678,0.07467922015878405,0.183269889263005,-0.39043460789545964,-0.0534419506453678,0.07467922015878405,-0.0534419506453678,-1.0397207462162124,-0.18214053995892024,-0.289590832548033,0.025125928997514976,0.07467922015878405,0.07467922015878405,-0.3233505071068617,0.183269889263005,-0.3541127553462241,-0.0534419506453678,-0.23099958775996804,-0.2820182012035299,-0.6695280912472248,-0.21803660715719794,-0.3001502381828639,0.1877060308053763,-0.14360802661201966,-0.4395104834691963,-0.28512209215175754,-0.7191025375207544,-0.3890995167655967,-0.2644840455075379,-0.15209445134697752,-0.32306763953888495,-0.3832696281402278,-0.3508569813774149,-0.4395104834691963,-0.39744885064946417,-0.37361549269428157,-0.3508569813774149,-0.4395104834691963,-0.3508569813774149,-0.33925404351016064,-0.3803114998265926,-0.37988983286585964,-0.3759441129929277,-0.4395104834691963,-0.4395104834691963,-0.3887956024059344,-0.39744885064946417,-0.3658047815262764,-0.3508569813774149,-0.3781055582928058,-0.7326305303355731,-0.4381217248352546,-0.3820139876284894,-0.39547484059674615,-0.3467222137183226,-0.3774171444515205,-0.8736977528572243,-0.8539837321064437,-1.2160188425998215,-0.2825359071392424,-1.025978352085154,0.4817971710753653,-0.0695048046856918,0.12507518797672418,-0.22436984472490293,-0.8736977528572243,-0.13508361152869522,-0.19665255124464112,-0.22436984472490293,-0.8736977528572243,-0.22436984472490293,-1.2747548783981961,-0.14087729706997465,-0.23735682977097194,0.49097358803558666,-0.8736977528572243,-0.8736977528572243,0.17513743852503647,-0.13508361152869522,-0.3504501345348445,-0.22436984472490293,-0.1501738035369656,-0.9636241116594313,-0.6360068155880527,-0.4334807325838597,-0.3186805705433953,0.11432851172562618,-0.10882117603807638
gobgab,0.023097267554101592,-0.8147251392127451,1.3995480621011622,-0.5349373809891129,-0.6966959793125438,1.1380537756389266,0.09513661176194065,-0.5639183382792288,0.36873750030280933,0.023097267554101592,-0.1462118081598381,-0.5527020923396361,0.36873750030280933,0.023097267554101592,0.36873750030280933,0.6682354294027076,-0.46792186076781445,-0.5178948478751327,0.3193754424564837,0.023097267554101592,0.023097267554101592,-0.6913255043242756,-0.1462118081598381,-0.35735919367457564,0.36873750030280933,-0.4436575255019554,1.303785940523739,-0.7914992656950515,-0.26413575958907903,-0.33988531441881875,-0.2481528973453443,-0.4674232026338441,0.22880917021974867,-0.46966340317592004,0.25710163006460807,-0.3648700172818685,0.6932919678539418,-1.0279847765833658,-0.08012509916270068,-0.6249240417415405,-0.23832273674683827,0.22880917021974867,-0.3852346143226551,-0.46777765070587163,-0.23832273674683827,0.22880917021974867,-0.23832273674683827,0.43570354333988975,-0.4739863558101559,-0.5236131225835674,-0.15062121076464471,0.22880917021974867,0.22880917021974867,-0.6251409146461983,-0.3852346143226551,-0.27974364612889757,-0.23832273674683827,-0.5166128428467697,0.15547106881219344,-0.28173005432912135,-0.3151838917896386,-0.4512963511372955,-0.14299942323757703,-0.4021841061532226,-0.7045786774245391,-0.4275328689013048,-0.7164187475704772,-0.6554989093532689,-0.7554300330104032,-0.5015114286163176,-0.6015358853475932,-0.685337551201104,-0.5617816178428087,-0.7045786774245391,-0.659845769658118,-0.659209435619588,-0.5617816178428087,-0.7045786774245391,-0.5617816178428087,-0.4792761646421895,-0.6611875596859532,-0.6525028373930813,-0.7402449597155568,-0.7045786774245391,-0.7045786774245391,-0.7017741920516534,-0.659845769658118,-0.638725330377829,-0.5617816178428087,-0.6567255594117867,-0.5690077198820448,-0.6986755412405364,-0.6184947714454635,-0.6817752649696859,-0.6283276743079024,-0.6437775965808673,0.11396057645963799,-0.8539837321064437,-0.04503773491110435,-0.6047259766839926,-1.025978352085154,1.2186634327200419,0.2316826822856384,-0.6879135338719797,0.4238097067025937,0.11396057645963799,-0.5517822098036524,-0.5700714406867117,0.4238097067025937,0.11396057645963799,0.4238097067025937,-0.6373774391990981,-0.5566556981521698,-0.5653981626105874,-0.20531622772397237,0.11396057645963799,0.11396057645963799,-0.9400233945323374,-0.5517822098036524,-0.3905897975212142,0.4238097067025937,-0.5485940986350386,0.9636241116594313,-0.6360068155880527,0.20447204367163177,-0.2797805947963144,-0.7599483426468097,-1.0264483901969879
march,2.2189836217389622,-0.8147251392127451,0.21080308475645254,-0.6588153842465176,-0.6966959793125438,-1.0382904305513956,-0.23003911256836262,-0.3390299777053243,-1.0674431379654923,2.2189836217389622,-0.9676479643498143,-0.45372611165450333,-1.0674431379654923,2.2189836217389622,-1.0674431379654923,-0.6540672531213289,-0.5898275872926673,-0.6143189089207393,-0.9004091126869979,2.2189836217389622,2.2189836217389622,-0.07660409878179945,-0.9676479643498143,-0.5735921980274514,-1.0674431379654923,-0.6083635941392255,-1.0773666757448899,0.6085816627000404,-0.45077790646938976,0.035243309187943356,-0.5316797603669519,-1.254392156448788,-0.18916443841413633,-2.2966184495416924,-1.2889493614791865,-2.2916050227923765,-2.874489808732334,-1.3463177456342534,-1.6902993111452584,-1.788937423019617,-0.9811472109826561,-0.18916443841413633,-2.1138904518814927,-2.2744162936140824,-0.9811472109826561,-0.18916443841413633,-0.9811472109826561,-1.889788107506636,-2.293714108005097,-2.218776599253569,-2.6517687836102457,-0.18916443841413633,-0.18916443841413633,-1.7385524086390072,-2.1138904518814927,-2.406218570543874,-0.9811472109826561,-2.271712809480515,-2.591267741330164,-1.778178138110349,-1.2560368564936004,-1.8960443549349537,-2.3667609698564447,-2.260216566026244,-1.3963333431961242,-0.625864182585338,-1.6721942653465542,-1.3160840848506423,-1.569962023460935,-1.154853605332651,-1.1587711954110334,-1.3673051132860894,-1.0871980629282894,-1.3963333431961242,-1.3820237130662032,-1.2914021246523388,-1.0871980629282894,-1.3963333431961242,-1.0871980629282894,-0.7523083885721177,-1.3231467522700167,-1.2987827623561767,-1.5302473133157517,-1.3963333431961242,-1.3963333431961242,-1.3472876663534517,-1.3820237130662032,-1.2629536897298521,-1.0871980629282894,-1.3121329991360617,-1.6344300516731598,-1.318776591676066,-1.1807085468466176,-1.4022477301557543,-1.2130365764770807,-1.258964636280796,2.089277235093362,-0.8539837321064437,-0.04503773491110435,-0.5080689558205674,0.3077935056255463,-0.9919353522139877,-0.370692291657022,-0.8755263158370651,-0.8725493961523996,2.089277235093362,-0.7303673233500627,-0.5987959706437942,-0.8725493961523996,2.089277235093362,-0.8725493961523996,-0.6373774391990981,-0.6358515840725878,-0.6679110791229672,-0.43741283297715866,2.089277235093362,2.089277235093362,-0.47537304742509817,-0.7303673233500627,-0.6314277754394333,-0.8725493961523996,-0.6681201871644602,-0.9636241116594313,0.7713274146493406,-0.22082980716536263,-0.35758054629047653,-0.7599483426468097,-1.0264483901969879
name,2.4658973797057757,0.7352793544439347,0.21080308475645254,1.2283533629501782,0.9941444853969303,-0.10557148504125763,1.7588191579115486,1.217996556851605,0.13894859817988112,2.4658973797057757,1.2380585279004506,1.2717482350624838,0.13894859817988112,2.4658973797057757,0.13894859817988112,0.353401457373175,1.2923393733982138,1.305776562331541,0.7979573454747019,2.4658973797057757,2.4658973797057757,1.062170223890697,1.2380585279004506,1.2744325067633413,0.13894859817988112,1.2444530987663196,0.23226726320285618,1.6519990331202263,0.452728507473759,1.6659637917820866,0.06333764399530502,1.6606839145064465,0.40444862633814954,2.124663905554204,1.134801393540537,0.10241188427633084,0.6603685274352589,0.7357657911110652,0.810929515267224,-0.028170013205748978,-0.1134762236535845,0.40444862633814954,0.05889258761010446,0.09799364992650612,-0.1134762236535845,0.40444862633814954,-0.1134762236535845,1.7542872154928943,0.07624890695093682,0.007661502015625965,0.16074955442622585,0.40444862633814954,0.40444862633814954,0.03614252873590862,0.05889258761010446,0.17413676419053584,-0.1134762236535845,0.010238851374856552,1.268583595079412,0.051164290960373275,-0.18547285461842283,0.20617675327307672,0.12442005174025021,-0.08751450749509845,0.25996783220239894,-0.253444273287438,0.5867777079624292,0.20675752965589364,0.2192418044417416,-0.11690914608675691,0.13451503898053052,0.20163391195358632,-0.036031415557888816,0.25996783220239894,0.2609270173482374,0.16531172540756436,-0.036031415557888816,0.25996783220239894,-0.036031415557888816,-0.20186494934295554,0.19740960139940208,0.18463248653816583,0.19203049348056395,0.25996783220239894,0.25996783220239894,0.19528990776045635,0.2609270173482374,0.15197556216827857,-0.036031415557888816,0.185219965589507,0.8128928841898648,0.19086971078670517,0.04115654800964087,0.26424888985814415,0.11223289274099554,0.1584863097215111,1.1016189057765002,0.9223024306749593,-0.04503773491110435,1.3606334475389839,1.6415653633362466,-0.25506909056931115,2.03880760411362,1.625977443697408,-0.22436984472490293,1.1016189057765002,1.8888810086639547,1.2970230065236417,-0.22436984472490293,1.1016189057765002,-0.22436984472490293,0.6373774391990981,1.5024373357787006,1.5668705008469133,0.026780377529214083,1.1016189057765002,1.1016189057765002,1.3832283410038582,1.8888810086639547,1.2149967219335798,-0.22436984472490293,1.483349406365133,0.0,1.1231609722086888,0.20447204367163177,1.7819181197989848,0.7263223097863314,1.726433252279746
sine,1.025567124899364,0.7352793544439347,0.8334790252703479,0.047646563720239225,1.1632285318678777,-1.0382904305513956,-0.932723985865686,-0.29686950869424317,-0.15351000452202754,1.025567124899364,-0.3369956434776871,-0.2063372763548922,-0.15351000452202754,1.025567124899364,-0.15351000452202754,0.6682354294027076,-0.2727085283070621,-0.1954461221318911,-0.922835207625687,1.025567124899364,1.025567124899364,-0.46441030945996875,-0.3369956434776871,0.0048941174265844265,-0.15351000452202754,-0.474216047741755,1.1053565558346865,1.6967584412106742,1.165632198475476,-0.5352774286538923,-0.6588012610127666,-0.2717149259125747,0.3234279610202827,0.9903484589148084,1.034395582917375,0.9031643536739927,1.0677247079232548,0.815570989697959,-0.6398514570198413,0.3257881602428297,-0.1448891670393673,0.3234279610202827,0.8246468408013792,0.5258934249967819,-0.1448891670393673,0.3234279610202827,-0.1448891670393673,1.1040883000649815,0.6035426854235494,0.5267028971443429,0.5380523623342691,0.3234279610202827,0.3234279610202827,0.11183496284521534,0.8246468408013792,0.7951737999163554,-0.1448891670393673,0.4813906634494448,0.45967323848832736,0.6256170061649673,0.37628756349841247,0.757024986728446,0.06287397395082046,0.22167313437730538,0.1983955217670603,-0.12922804607742883,2.941154085310292,0.09216856771111576,0.15523026130890166,0.03793044758188939,-0.01107727641422145,0.05492356992214023,0.07682808575346796,0.1983955217670603,0.0984951900925722,0.06582418894381477,0.07682808575346796,0.1983955217670603,0.07682808575346796,0.11191583093028719,0.07421300401895935,0.07354065705768106,0.10174055982741942,0.1983955217670603,0.1983955217670603,0.1251891101269064,0.0984951900925722,0.040369130518755784,0.07682808575346796,0.06921961259388318,2.6140386069248764,0.18010361616225484,0.11693393846347387,0.10358248056624599,0.021014762462892078,0.05886152633998791,1.1016189057765002,0.03415934928425775,1.1259433727776127,-0.34697392104819247,0.3077935056255463,-0.9919353522139877,0.2316826822856384,-0.2501503759534469,-0.22436984472490293,1.1016189057765002,-0.2541403538929687,-0.2828261411158883,-0.22436984472490293,1.1016189057765002,-0.22436984472490293,0.6373774391990981,-0.29926906891081084,-0.2168542464684959,-0.9016060434835312,1.1016189057765002,1.1016189057765002,-0.3824429780036504,-0.2541403538929687,-0.23003114557573484,-0.22436984472490293,-0.3693049658409058,1.927248223318863,1.1231609722086888,0.20447204367163177,-0.20198064330215204,-0.672520657209566,-0.10882117603807638
superidol,-0.6452159706760734,-0.8147251392127451,0.21080308475645254,0.8656968177987807,0.3365954157876903,-1.0382904305513956,-0.49234357187801703,-0.8872931291996909,1.2304458832637903,-0.6452159706760734,-0.856749788086776,0.2682131172787901,1.2304458832637903,-0.6452159706760734,1.2304458832637903,-0.6540672531213289,-0.003145797853105113,0.13808104555061357,-1.094328874803898,-0.6452159706760734,-0.6452159706760734,0.12844586200440297,-0.856749788086776,0.36095061299266773,1.2304458832637903,-0.007434507120073924,0.23226726320285618,0.2624899358068657,0.8217821858963651,0.18773624973507835,-0.7124512914308548,-0.0853390661459915,0.48824721732879606,1.0604000299188545,0.48974540602021527,1.1587876069855656,0.336032282010356,1.8590259525849737,0.4631278795251834,0.7852251761474597,0.17187017344241484,0.48824721732879606,0.9057951461611248,1.0143913963018496,0.17187017344241484,0.48824721732879606,0.17187017344241484,0.9220323914166328,1.0038934637412755,0.9207763632648499,0.8387314967114411,0.48824721732879606,0.48824721732879606,0.7645672113282284,0.9057951461611248,1.1397281951480986,0.17187017344241484,0.9234572471993002,0.40016323271089344,0.39327018125983776,0.24827682692526523,1.2257571330005588,0.6683855421008893,0.5511639429804354,0.5254155814960418,-0.030698662284142583,0.052097490771754,0.4580775450043127,0.7227587757757687,0.27359042288209506,0.35888386523908444,0.5053272471680227,0.22420006420287447,0.5254155814960418,0.5260640478426043,0.4330066524576365,0.22420006420287447,0.5254155814960418,0.22420006420287447,-0.025994236486642393,0.465398132200294,0.4458574854550219,0.5655502024034297,0.5254155814960418,0.5254155814960418,0.4465651060361378,0.5260640478426043,0.42566805635609173,0.22420006420287447,0.4549976269573041,0.06742436126143893,0.4299178684867644,0.3005892196842796,0.5431445785598356,0.39494030097659655,0.38111836593508736,-0.8736977528572243,-0.8539837321064437,-0.04503773491110435,0.394063238904733,0.3077935056255463,-0.9919353522139877,0.5328701692569686,-0.06253759398836127,0.4238097067025937,-0.8736977528572243,-0.07555524034655829,0.3491135179399235,0.4238097067025937,-0.8736977528572243,0.4238097067025937,-0.6373774391990981,0.23530316105201124,0.27520775279092724,-0.43741283297715866,-0.8736977528572243,-0.8736977528572243,-0.010722700317859064,-0.07555524034655829,0.49248278817892227,0.4238097067025937,0.20840446205129975,0.0,0.06766029953064387,0.20447204367163177,0.18701911416865905,0.11432851172562618,0.27352349652813684
ก้องฟ้า,-0.6452159706760734,1.5102816012722746,-1.242107443109304,-0.8286247362817382,-0.6966959793125438,-1.0382904305513956,0.2830159191527826,-0.03129331333682239,0.9432097556101302,-0.6452159706760734,-0.6836534152335731,-0.32135796497901337,0.9432097556101302,-0.6452159706760734,0.9432097556101302,0.9131062965367885,-0.47063400270067085,-0.35782986258547456,-0.6011367422982845,-0.6452159706760734,-0.6452159706760734,0.2180694275446839,-0.6836534152335731,-0.5759722035499745,0.9432097556101302,-0.3434289172061938,-1.0773666757448899,-1.06553645808555,-0.7532446527101698,-0.7053850619818525,-0.12925559040460016,0.23472039588948732,-1.6143072705983101,-0.08868197520917688,-1.5050164231062872,-1.6920979470945177,-0.6706274757165431,-0.28203214641495983,-0.8803708850392421,-1.307894994177086,-0.513713120519403,-1.6143072705983101,-1.6325850667420985,-1.5723582752310394,-0.513713120519403,-1.6143072705983101,-0.513713120519403,-0.8269306428506328,-1.6606056564150293,-1.594132806113376,-1.5483945159934,-1.6143072705983101,-1.6143072705983101,-1.0475320846828033,-1.6325850667420985,-1.7730570219581387,-0.513713120519403,-1.6161559829406524,-1.5860308535540002,-1.6389177854077963,-0.8517208510620291,-1.7521896685473886,-1.2071541463440365,-1.1465673588487109,-1.1139923690041753,-0.5273133513859148,-0.7942486561285111,-1.078975328382736,-1.3108198372536854,-0.7730180870951691,-0.9507630110927853,-1.125042239681394,-0.8183715091502849,-1.1139923690041753,-1.1326202743680367,-1.0578517681271813,-0.8183715091502849,-1.1139923690041753,-0.8183715091502849,-0.5838650646139035,-1.084490203064782,-1.0643762885704982,-1.2049640253265295,-1.1139923690041753,-1.1139923690041753,-1.1069262121655234,-1.1326202743680367,-1.0331483601764146,-0.8183715091502849,-1.0734963575805343,-0.799960533137775,-1.068307034922715,-0.919821418558504,-1.1575148040435927,-0.9906627587531754,-1.0251524550241586,-0.8736977528572243,0.9223024306749593,-0.04503773491110435,-0.6369449836384675,0.3077935056255463,-0.25506909056931115,-0.370692291657022,-0.4377631579185324,0.4238097067025937,-0.8736977528572243,-0.3731970962572421,-0.5987959706437942,0.4238097067025937,-0.8736977528572243,0.4238097067025937,0.6373774391990981,-0.5566556981521698,-0.5448955793081113,0.026780377529214083,-0.8736977528572243,-0.8736977528572243,-0.28951290858220263,-0.3731970962572421,-0.7117071014121731,0.4238097067025937,-0.4689100396154238,-0.9636241116594313,-0.9878403731474011,-0.4334807325838597,-0.513180449278801,-0.7599483426468097,-0.26175904506456155
น้ำ,0.5341603320830589,-0.8147251392127451,-1.242107443109304,-0.6827217806868898,-0.6966959793125438,-0.10557148504125763,-0.7758068268585856,-0.8394897087434452,-0.1932462277152217,0.5341603320830589,-1.0832057278507952,-0.7649221428795497,-0.1932462277152217,0.5341603320830589,-0.1932462277152217,-1.53560237480402,-0.8395330154661556,-0.9179667344494291,-0.4201813555516207,0.5341603320830589,0.5341603320830589,-1.355031831358915,-1.0832057278507952,-0.33165377356723347,-0.1932462277152217,-0.8424404210143563,-1.0773666757448899,-0.5423745453400529,-0.7618481512699076,-0.7753801701217181,-0.7780544374343201,-0.5885265053567819,0.03559124232870268,-0.1458368181121409,0.7587973156728828,0.04141555855548927,-0.41981304219422366,1.257964595050483,-0.08874100375007234,-0.16880278874661034,-0.40742480698916184,0.03559124232870268,-0.27718319898867555,-0.009386711275720511,-0.40742480698916184,0.03559124232870268,-0.40742480698916184,0.13337730849081372,-0.0805229471045258,-0.2081806611014093,0.5338256714177301,0.03559124232870268,0.03559124232870268,-0.3283397492111523,-0.27718319898867555,0.2248249047725983,-0.40742480698916184,-0.17679168886108737,0.8041734225471517,0.07342260730802952,-0.1627786372189548,0.027850055751378333,-0.2116226126589515,-0.16184278652482953,-0.1894317130327503,-0.28334195744238816,-0.11879932735233803,-0.26806312510187646,-0.209398368217642,-0.2488871097085055,-0.2880248683531634,-0.25620364126189216,-0.2969502368778933,-0.1894317130327503,-0.2747623386175341,-0.26452986451476207,-0.2969502368778933,-0.1894317130327503,-0.2969502368778933,-0.2886844373916347,-0.2666818218666801,-0.2713687819327171,-0.21642508106804165,-0.1894317130327503,-0.1894317130327503,-0.25378386377461826,-0.2747623386175341,-0.2681290946874036,-0.2969502368778933,-0.2696670997627687,-0.21048226973793188,-0.21027210962159362,-0.26500054237287496,-0.27451863121662967,-0.2595052753467077,-0.25582904685867686,0.11396057645963799,-0.8539837321064437,-1.2160188425998215,-0.6691639905929427,-1.025978352085154,-0.25506909056931115,-0.9730672655996824,-0.7504511278603414,-0.8725493961523996,0.11396057645963799,-0.8494240657143364,-0.7136940904721235,-0.8725493961523996,0.11396057645963799,-0.8725493961523996,-1.2747548783981961,-0.7348464414731104,-0.8114291622402989,-0.20531622772397237,0.11396057645963799,0.11396057645963799,-1.2188136027966812,-0.8494240657143364,-0.47086912349395393,-0.8725493961523996,-0.7677252609389785,-0.9636241116594313,-0.2841732580287044,-0.4334807325838597,-0.9021802067496121,-0.672520657209566,-0.567634783117532
เจ,-0.6452159706760734,-0.8147251392127451,1.3995480621011622,1.5002327646773317,0.3365954157876903,1.4800507223259771,0.62524936069894,0.587848953184548,0.6658783220134926,-0.6452159706760734,1.2224785076679539,1.0217631474819637,0.6658783220134926,-0.6452159706760734,0.6658783220134926,0.6682354294027076,1.098933944099502,1.0389700210723654,1.272283732255412,-0.6452159706760734,-0.6452159706760734,0.012918216135287456,1.2224785076679539,1.4067692188148027,0.6658783220134926,1.0504842761097197,1.303785940523739,0.5498406760058092,1.0864206772530631,1.4935856086434052,0.6837218321766251,0.44090359704696414,-0.6160120905601939,-0.7382160725381285,-1.622043231152798,-1.133895241422781,-0.32805766558360455,-1.8116122824778074,-0.36715685595948866,-1.0048605600426617,-0.4239512940030312,-0.6160120905601939,-1.016337906868801,-1.0861337741943382,-0.4239512940030312,-0.6160120905601939,-0.4239512940030312,-1.2215644004896629,-1.0869681503476514,-1.1346720292763015,-1.0964640205149934,-0.6160120905601939,-0.6160120905601939,-1.0033015060510904,-1.016337906868801,-1.042376646766246,-0.4239512940030312,-1.1206996514862555,-1.2790767205304467,-0.9153677940516346,-0.6034846625544641,-1.0934563792218797,-0.8445907598022441,-0.970999122696753,-0.9534585349669896,-0.5223375531621355,-0.9491293084203046,-0.9275710952934042,-1.1301995677092966,-0.46515768903354576,-0.8139944723886242,-0.9539901052348025,-0.7218727196649031,-0.9534585349669896,-0.9630677601902466,-0.9074806110235681,-0.7218727196649031,-0.9534585349669896,-0.7218727196649031,-0.5915599803159151,-0.9265759010738571,-0.9112912482133023,-1.0337042835991028,-0.9534585349669896,-0.9534585349669896,-0.9575273661001381,-0.9630677601902466,-0.8829128120781957,-0.7218727196649031,-0.9185832269351082,-1.0744597753313665,-0.9154115117075677,-0.7946698465885438,-0.9931050868116178,-0.8371750194471621,-0.8821608970220582,2.089277235093362,0.03415934928425775,1.1259433727776127,0.9095673501763334,1.6415653633362466,1.9555296943647182,-0.0695048046856918,1.1882142857788751,1.0719892581300903,2.089277235093362,1.05548381211404,0.9810531769957354,1.0719892581300903,2.089277235093362,1.0719892581300903,0.6373774391990981,1.0074630487760874,0.9927981683775862,1.1872634037951455,2.089277235093362,2.089277235093362,0.9185779938966191,1.05548381211404,0.9741587440153605,1.0719892581300903,0.9853240374925418,0.0,2.178661644886734,2.118330372438106,0.809418726121957,1.1634607369725491,0.8852749726340775
เทพซ่า676767677,-0.6452159706760734,-0.8147251392127451,1.7491789377907827,-0.5887952152596836,-0.6966959793125438,-0.10557148504125763,-1.1012646381325717,-1.217262394650259,-1.0674431379654923,-0.6452159706760734,-0.6836534152335731,-0.9209275197494788,-1.0674431379654923,-0.6452159706760734,-1.0674431379654923,1.2692821032772696,-0.9548651457835631,-0.9003837185823224,-0.9004091126869979,-0.6452159706760734,-0.6452159706760734,-1.7040396147372012,-0.6836534152335731,-0.39158574751915837,-1.0674431379654923,-0.9911108150382103,1.61893849267694,-1.06553645808555,-0.9933422869354092,-0.7053850619818525,-0.5813067726310838,-0.9962317203819219,-0.10114364902191626,-0.2734874173796089,0.6743259807528293,0.3708042940294322,-0.06020018597339954,0.8409438372617468,-0.2988993874130103,-0.260789660431908,-0.22434666816055499,-0.10114364902191626,0.10282641463850208,0.14384726431672842,-0.22434666816055499,-0.10114364902191626,-0.22434666816055499,1.0753996337474399,0.08676224744309033,0.05301495158878375,0.30892571888754894,-0.10114364902191626,-0.10114364902191626,-0.3453253368130371,0.10282641463850208,0.460407722550967,-0.22434666816055499,-0.04045773836902119,0.6818225878540125,1.0015902019711063,-0.009094357652004692,0.3483931484988299,-0.008454995071885208,-0.14161819687760874,-0.2154222166744385,-0.2586631421141032,1.2450854106045748,-0.18954058033517324,-0.2756764270226431,-0.42254290515634874,-0.23842233439517344,-0.2165882265883837,-0.2874464180106937,-0.2154222166744385,-0.19279205927455523,-0.20830313183739996,-0.2874464180106937,-0.2154222166744385,-0.2874464180106937,-0.15347075855098177,-0.20448915806176474,-0.20183664948779204,-0.29678146675257444,-0.2154222166744385,-0.2154222166744385,-0.22250532797729294,-0.19279205927455523,-0.20151088591040847,-0.2874464180106937,-0.21126562279351555,1.3934437889185658,-0.15972081169791835,-0.2469082270953144,-0.19030834551008205,-0.22166724589605388,-0.20527693244037773,0.11396057645963799,-0.8539837321064437,1.1259433727776127,-0.8302590253653177,-1.025978352085154,-0.25506909056931115,-1.2742547525710126,-0.9380639098254271,-0.8725493961523996,0.11396057645963799,-0.8494240657143364,-0.9147658001717001,-0.8725493961523996,0.11396057645963799,-0.8725493961523996,0.0,-0.913037184794051,-0.8934394954502028,-0.9016060434835312,0.11396057645963799,0.11396057645963799,-1.4976038110610244,-0.8494240657143364,-0.6314277754394333,-0.8725493961523996,-0.9669354084880148,1.927248223318863,-0.2841732580287044,-0.6461316580023571,-1.0577801097379365,-0.672520657209566,-0.7205726521440173
